video_id,keyframe_count
-4wsuPCjDBc_5_15,12
-7KMZQEsJW4_205_208,1
-8y1Q0rA3n8_108_115,5
-8y1Q0rA3n8_95_102,5
-9CUm-2cui8_39_44,4
-AwoiGR6c8M_10_14,3
-bjOB4zS0uE_100_105,3
-Cv5LsqKUXc_17_25,11
-Cv5LsqKUXc_71_76,6
-DKuLXYoY3g_14_20,7
-dm-ds5rRaM_44_52,5
-DRy7rBg0IQ_31_37,4
-FugkxLmGO4_5_16,12
-joBOHlg5J0_72_80,5
-mAoVOhKy0c_4_9,6
-Ms9tsWmhyU_80_95,8
-pUwIypksfE_13_23,11
-rkErLY0rRc_26_35,5
-rkErLY0rRc_63_67,3
-rvjK0lE3z4_33_43,6
-s4-6QTT7HE_235_241,4
-t-ZWaJeH-o_0_15,16
-uT_1VDvXok_8_15,4
-vg3vR86fu0_1_6,6
-vKO3uSG6Do_3_14,6
-wa0umYJVGg_100_115,9
-wa0umYJVGg_117_123,4
-wa0umYJVGg_139_157,12
-wa0umYJVGg_168_176,5
-wa0umYJVGg_23_41,11
-wa0umYJVGg_271_276,3
-wa0umYJVGg_286_290,3
-YI0cxuNcq8_262_272,6
-zOrV-5vh1A_69_76,4
-_aaMGK6GGw_57_61,9
-_hbPLsZvvo_172_179,8
-_hbPLsZvvo_18_25,8
-_hbPLsZvvo_19_25,7
-_hbPLsZvvo_19_26,9
-_hbPLsZvvo_211_219,9
-_hbPLsZvvo_269_275,8
-_hbPLsZvvo_288_305,20
-_hbPLsZvvo_323_328,6
-_hbPLsZvvo_43_55,14
-_hbPLsZvvo_49_55,7
-_hbPLsZvvo_5_8,4
00jrXRMlZOY_0_10,11
02Z-kuB3IaM_2_13,11
04Gt01vatkk_248_265,9
04Gt01vatkk_308_321,7
05gNigkqfNU_11_23,7
05gNigkqfNU_24_32,5
05gNigkqfNU_25_34,5
05gNigkqfNU_78_84,4
05Gtb7_9tLU_0_9,4
06CbMa0kDr8_3_13,6
08pVpBq706k_175_212,19
0bSz70pYAP0_5_15,7
0GXq1An3yHI_22_35,8
0hyZ__3YhZc_279_283,2
0hyZ__3YhZc_289_295,3
0hyZ__3YhZc_302_307,3
0hyZ__3YhZc_341_348,4
0hyZ__3YhZc_352_356,2
0hyZ__3YhZc_364_370,3
0hyZ__3YhZc_380_384,2
0hyZ__3YhZc_388_394,3
0hyZ__3YhZc_410_417,4
0hyZ__3YhZc_418_424,3
0hyZ__3YhZc_485_490,3
0hyZ__3YhZc_562_568,3
0hyZ__3YhZc_575_580,3
0hyZ__3YhZc_598_603,3
0hyZ__3YhZc_632_637,3
0I4VKj4d0WI_24_40,9
0IDJG0q9j_k_1_24,13
0k1Ak8aTMVI_4_12,3
0lh_UWF9ZP4_103_110,4
0lh_UWF9ZP4_138_145,4
0lh_UWF9ZP4_148_155,4
0lh_UWF9ZP4_157_160,2
0lh_UWF9ZP4_165_170,4
0lh_UWF9ZP4_174_178,3
0lh_UWF9ZP4_178_182,3
0lh_UWF9ZP4_183_190,5
0lh_UWF9ZP4_191_197,4
0lh_UWF9ZP4_199_207,5
0lh_UWF9ZP4_215_226,6
0lh_UWF9ZP4_21_26,3
0lh_UWF9ZP4_27_31,3
0lh_UWF9ZP4_38_46,5
0lh_UWF9ZP4_50_60,6
0lh_UWF9ZP4_62_69,5
0lh_UWF9ZP4_71_77,4
0lh_UWF9ZP4_79_82,2
0lh_UWF9ZP4_82_87,4
0lh_UWF9ZP4_94_103,5
0M-PyX2DbZc_25_31,4
0NPtAv3_uVI_46_54,5
0ONJfp95yoE_1_10,10
0piwbTivpDg_10_40,16
0RWJEOScToE_414_421,4
0SMOK2ql7Pg_5_12,8
0sUL0KCIc48_15_25,6
0vmoZEaN_-o_4_12,10
0vmoZEaN_-o_5_21,19
0wutCy2ZGOQ_4_10,4
0xx13BuvVmo_25_36,6
11xs9mFKObs_0_8,5
16iNk1hLJt4_37_40,2
1dA1RQgPN3c_72_82,6
1dfR0A_BXjw_401_408,4
1dfR0A_BXjw_441_448,4
1dfR0A_BXjw_524_532,4
1dfR0A_BXjw_545_560,8
1dfR0A_BXjw_590_600,5
1Dty_eGY9Ec_123_133,6
1dYpcVv6n3Y_0_18,19
1hPxGmTGarM_9_19,11
1kYWws89W3Y_0_5,3
1mIyMRPV8kg_9_17,9
1N_Ic2pBM1o_2_23,11
1pw5ZdRhiig_50_59,5
1qU-kF-km1Q_6_16,11
1qV4wfjTYIo_151_164,7
1QVn0FffExM_14_24,6
1qxMJLkHDLw_0_9,7
1RchFBCT9JU_43_53,6
1rECrfrdNTo_200_207,4
1sffYOXq4Iw_23_49,14
1Sp2__RCT0c_11_15,3
1TjqADyYyxI_36_45,12
1_6V30igzIk_5_15,6
21uB8g-jDZI_70_79,5
229NvV0SRHw_0_5,6
25NmudB2fqg_0_7,5
27hs9W89FuI_0_10,11
27mxaePkYB4_8_14,4
2F9jX7u5nOg_114_130,9
2F9jX7u5nOg_83_97,8
2FLsMPsywRc_45_63,10
2G9fkvBzzQE_10_20,7
2HpZvL-_fiY_40_44,3
2I20ZTFHheg_96_104,5
2jkExrrm_sQ_19_25,7
2jXxtQRy47A_30_38,10
2KrdBUFeFtY_22_27,3
2L4oELbX8Ms_1_12,5
2LgrGHWSy6k_122_135,7
2MCpA01Sn_c_75_82,4
2mUMTFnQWaw_1_9,10
2Nn2CAeaI5k_72_77,3
2R_OAYQIkXM_14_22,5
2xpIT0L4GqE_1_10,5
2YhDTpzxd3c_102_105,2
2YhDTpzxd3c_115_120,4
2YhDTpzxd3c_149_154,3
2YhDTpzxd3c_166_170,3
2YhDTpzxd3c_174_180,5
2YhDTpzxd3c_223_232,5
2YhDTpzxd3c_22_27,3
2YhDTpzxd3c_240_245,3
2YhDTpzxd3c_45_49,3
2YhDTpzxd3c_98_101,3
30GeJHYoerk_121_126,3
30GeJHYoerk_63_75,7
30GeJHYoerk_80_85,3
30PpKtVT8Z4_35_50,8
32_A0-er4Ws_16_20,3
39Ce7I6nXIw_96_104,5
3chNlP5TeO8_0_10,11
3doK4FQM5-k_46_57,6
3eqFFRSXwGE_84_96,3
3FnUTQMJVXI_31_36,3
3ftaoFnhTyY_140_150,6
3I9tSDU-OSk_17_22,2
3lBHYoI5V8s_30_45,9
3mbBbFH9fAg_21_29,5
3n_Kqak2JdA_48_71,12
3opDcpPxllE_50_66,9
3OPQqH3YlHA_50_54,3
3qqEKTPxLNs_1_15,8
3SKyc0aKx70_46_52,4
3ytUOoa1SBE_12_23,6
3zgEl-OLFKE_12_15,2
3zrVqwV29V8_69_76,3
3_51FhosiVY_93_101,5
4-1gpwkD7Hc_7_15,35
45AGQSbodbU_5_15,11
47D9-U8hn5I_11_16,4
4cgzdXlJksU_83_90,5
4D1o4FC8YbA_207_216,10
4D1o4FC8YbA_29_39,11
4eJJF11bIxM_1_9,6
4ge5_V-xhP0_138_142,3
4ge5_V-xhP0_35_42,4
4Hhdr1IPOGs_1_10,5
4Hhdr1IPOGs_90_98,5
4ikH9ZRcF2Q_89_105,9
4JVpbYmqfcI_5_19,7
4kQnrKvOTNg_15_24,5
4lXdVS697DQ_10_25,17
4MjTb5A68VA_111_118,4
4PayIIIOeIs_230_238,9
4PcL6-mjRNk_11_18,4
4PcL6-mjRNk_47_55,5
4QdX5Q3qQsQ_38_44,4
4QdX5Q3qQsQ_6_14,5
4QYPZM01xFE_14_26,7
4R-tumAGrtU_12_22,11
4s_0-zIWEog_1_15,15
4t5POXt2e68_5_11,7
4Tn5S48sCwg_110_118,5
4UOVKok7j1U_1_8,4
4VLrxtf7Z_8_0_7,8
4wT7zM8XgXQ_5_11,4
4xVGpDmA4lE_23_33,7
4yf2WP6K1gQ_28_32,3
4yYapi-5QYQ_33_57,13
4z3b4mnw5y4_56_60,3
4zPSShqsq-o_3_16,7
4_WZN7uW0NY_140_145,3
5-8z5U-o4O4_0_3,4
504gE1DA_4g_1_6,5
53dc4z7HLyg_16_23,5
53dc4z7HLyg_25_29,3
57C93mpt6Xo_358_368,5
5AEldiUP408_65_71,3
5CS4nLI2ZX8_50_59,5
5CU2JhYM8tY_14_45,16
5dv8MSWlxoQ_10_40,31
5dZ8PXABC30_14_20,4
5E66Gk3V1Bc_23_30,16
5EXVeP6R3yc_105_108,12
5fDBl1wT2Lk_34_39,7
5fq9iIxxA1s_12_27,10
5HAf_INrFy0_3_25,23
5JLi7L1Kwp8_23_30,7
5JSbxHECb-I_97_110,7
5K7Ru5s6YIw_8_11,2
5L5MoemWC6g_10_13,2
5l6acVf12S4_7_13,5
5OuYhq6Zl0g_0_10,6
5OvgDatToBU_0_8,9
5P6UU6m3cqk_57_75,10
5PpPOGU_0aA_65_75,6
5QJf-l4lPJw_133_138,3
5U3xz9Ovmhk_214_222,5
5U3xz9Ovmhk_258_265,4
5U3xz9Ovmhk_99_105,4
5U3xz9Ovmhk_9_15,4
5W02895vT8c_312_322,6
5W02895vT8c_460_470,6
5XxshEdcfAM_85_100,8
5XxshEdcfAM_96_107,7
5x_OGEdO6Z8_0_21,6
5YJaS2Eswg0_22_26,4
5zkCnHUnoYY_69_74,3
60x_yxy7Sfw_1_7,3
62I8I4sCPPQ_12_30,21
64Xn9edeWRA_0_11,12
6BrHPMdyVtU_1_10,5
6eokrw6_bjU_1_9,9
6FmN22YcVVE_11_18,6
6GJ1DNOGDAM_223_233,6
6gQu8PWhFoQ_30_35,3
6gQu8PWhFoQ_37_41,3
6JnGBs88sL0_4_10,4
6KS8R3RxrV8_0_23,26
6Lzq1HN33lE_5_15,5
6mYnZbIwcNo_10_16,3
6njscWrdnM0_8_18,6
6owu8Mow0_g_275_280,3
6owu8Mow0_g_302_307,3
6owu8Mow0_g_384_389,3
6owu8Mow0_g_527_534,4
6owu8Mow0_g_692_697,3
6owu8Mow0_g_850_855,3
6pcqRuFEMLs_46_52,4
6q1dX6thX3E_286_295,5
6Q3ltyPJJMQ_67_72,3
6QbhfbLUtQs_13_23,11
6r5DmFa5ZR8_51_58,4
6RlYLTU5gvM_18_24,7
6sKdTbRkahM_6_12,4
6sYmDT5et00_301_339,20
6t0BpjwYKco_105_110,3
6t0BpjwYKco_118_127,5
6t0BpjwYKco_142_151,6
6t0BpjwYKco_15_31,9
6t0BpjwYKco_179_183,3
6t0BpjwYKco_200_205,3
6t0BpjwYKco_217_229,7
6t0BpjwYKco_230_240,6
6t0BpjwYKco_240_247,4
6t0BpjwYKco_254_258,3
6t0BpjwYKco_261_284,14
6t0BpjwYKco_46_53,5
6t0BpjwYKco_53_59,4
6t0BpjwYKco_59_69,6
6t0BpjwYKco_71_76,3
6t0BpjwYKco_80_84,3
6vC6AT27RUc_29_46,10
6vSKIUGGLvY_81_87,4
6ZhKOK08tgM_225_233,5
6ZhKOK08tgM_45_49,3
6ZZkO14S7GY_5_15,3
71soiLO6I9U_15_24,5
73vUksucPz8_12_20,5
74tRCYS_534_49_57,5
778mkceE0UQ_40_46,7
77iDIp40m9E_119_123,4
77iDIp40m9E_126_131,3
77iDIp40m9E_159_181,12
77iDIp40m9E_3_9,4
7bcV-TL9mho_0_7,4
7d1d2WlEnKs_0_12,13
7EOqi_6rnkg_36_44,5
7HcYJKMxpcg_20_28,4
7M-jsjLB20Y_11_30,19
7NNg0_n-bS8_21_30,5
7OGizkf_JEo_191_194,2
7s0AXJtLL0Y_57_61,3
7uF-2adCsI0_60_67,6
7uOiiA4Kxbo_23_35,7
7xNG7qGY9rw_14_29,12
7ZE2OzguWHo_28_38,6
7_XASfcYdBk_3_13,6
80D0ylOqPJ8_0_5,5
81fABEiwcIM_31_45,8
88DOMJ11q2M_34_43,5
88DOMJ11q2M_84_87,3
88p7U5CnoYU_1_10,11
8BL9qmFRbd4_6_13,4
8CzlhZtunNc_5_11,3
8D_oQnBPfNo_43_50,5
8e0yXMa708Y_24_33,5
8HB7ywgJuTg_131_142,6
8jP8CC2rKj4_80_88,5
8mSUD7JGNO0_174_181,5
8mSUD7JGNO0_198_204,4
8MVo7fje_oE_108_113,3
8MVo7fje_oE_113_118,3
8MVo7fje_oE_125_130,3
8MVo7fje_oE_130_136,4
8MVo7fje_oE_139_144,3
8MVo7fje_oE_153_158,3
8MVo7fje_oE_166_171,3
8MVo7fje_oE_180_185,3
8MVo7fje_oE_85_90,3
8NFoN0K3bPg_20_28,9
8PQiaurIiDM_143_151,6
8PQiaurIiDM_173_180,6
8PQiaurIiDM_247_255,5
8PQiaurIiDM_94_99,4
8sARjdhSvpo_167_176,10
8VUbN3hkdBo_36_50,6
8yoUaH6wGLs_22_30,9
8yS2wqwActs_2_14,11
8yuPGwxwdPs_1_10,5
8z-XGiU1KN4_9_17,9
93n_oYVCLpk_9_12,2
953PkxFNiko_82_85,2
97JhYpoWxzY_0_4,5
98Alrg4pFXs_148_153,4
98shpdib9sg_55_62,4
992zi9V3oiQ_15_17,2
9BScZRpF7SI_31_36,4
9Bxknsvy3jQ_53_58,3
9d57lHEsLU8_1_14,14
9fkS7wqrzAY_13_25,6
9gbUM9oHBNI_557_563,4
9HDUADeA2xg_3_31,30
9HTUcMjWB3g_122_128,4
9HTUcMjWB3g_134_138,3
9HTUcMjWB3g_143_151,5
9IrWyZ0KZuk_160_166,4
9LHg5RUGukI_58_63,3
9LHg5RUGukI_63_68,3
9LOJmQQktHA_10_18,9
9LSuyLyuUiM_3_6,2
9OvXb1fot74_21_29,5
9OxQ-2gR1DU_18_38,11
9Q0JfdP36kI_167_170,4
9Q0JfdP36kI_19_27,9
9Q0JfdP36kI_23_28,6
9Q0JfdP36kI_56_64,10
9QI8cgBSGo8_28_41,7
9uDPqigcnzw_36_46,3
9VG7Elw9TDA_85_91,4
9W6aQNcU3PA_92_103,7
9WpJxn-2h1o_122_150,15
9Wr48VFhZH8_45_50,3
9wxB1UQi0MM_18_38,10
9xVqwy_4pmQ_36_49,6
9zXqkHvs0po_59_65,4
a-cek0mvXxE_15_25,11
a0g7wtBkS98_34_42,11
a1i6T160REQ_5_18,12
a1Y73sPHKxw_0_5,6
a28s_wyqkyc_68_77,5
A6XrTsLsUbA_4_15,7
a8PAY4rvzRM_1_10,6
aA05I5QaZnM_66_75,5
Aa7yf9XtcJM_45_50,3
aC-KOYQsIvU_25_31,4
ACK7SekJWts_140_150,5
aCKNdip53W4_0_25,14
ACOmKiJDkA4_121_128,5
ACOmKiJDkA4_130_144,8
ACOmKiJDkA4_146_153,5
ACOmKiJDkA4_161_170,5
ACOmKiJDkA4_175_182,4
ACOmKiJDkA4_20_26,4
ACOmKiJDkA4_23_30,5
ACOmKiJDkA4_47_54,4
ACOmKiJDkA4_49_54,3
ACOmKiJDkA4_57_65,5
ACOmKiJDkA4_67_74,4
ACOmKiJDkA4_75_81,4
AdcgmBtE99c_108_114,8
aDjNl5gs4nM_18_47,31
AE9UaQwum8c_0_10,11
aeA-HN7BMdo_16_33,10
aeA-HN7BMdo_34_41,4
aeA-HN7BMdo_52_58,4
AEKPjVHSVZc_0_12,3
Afmc6FeN-hM_20_24,3
AGRFy5hDQiY_31_38,4
aGUx0QOKWXw_7_12,3
aHiUM8uWxxo_17_25,5
AJJ-iQkbRNE_97_109,7
aJoDt4DMkFU_118_124,3
AjZ-R3LFMzo_18_23,3
AjZ-R3LFMzo_24_38,8
AjZ-R3LFMzo_5_10,3
aK8liAv-28s_72_82,6
AKVBK-0veE8_5_12,4
akXjIEoecNs_2_12,5
aM-RcQj0a7I_37_55,10
aN0WsBcja_E_0_15,18
ao-9B8IV9_E_108_119,6
ao-9B8IV9_E_175_187,7
ao-9B8IV9_E_217_221,3
ao-9B8IV9_E_37_44,4
ao-9B8IV9_E_72_77,3
ao-9B8IV9_E_77_81,3
ao-9B8IV9_E_87_95,5
AoNnzlGhI04_112_128,9
ApYvvQK7bBc_6_32,14
AQhiE_NL6yY_91_101,7
aQWCKcg0VRU_321_339,11
Ar70p1_LcfM_2_20,10
ArEWo8pERFc_17_21,2
aRo8x3xXeEA_3_8,4
auFXfsCzAvQ_1_15,9
AX38yo7Wuws_81_91,6
AXL1oMdCFUM_45_59,8
Ayh26v6Nies_17_22,5
AysIdzGF-7M_6_14,9
AzMrltkXGJk_0_10,6
A_nCfAbXjoM_8_56,25
b-d-CxHaKGU_10_30,11
B-Lsf7ZKf5c_10_25,17
b24_bb57PPk_631_637,4
b4FM9OLBGyM_37_49,7
B4foOe9kUgY_0_8,9
b4mJ3AQc-ag_30_34,3
b71bI0rH1g8_75_90,8
B7mP4zoDMwM_0_17,17
b97TK8XVLHE_40_50,6
BAf3LXFUaGs_28_38,6
BApIQn69EVE_10_16,4
bAYIIlX-WWw_5_15,11
bb6V0Grtub4_174_185,6
bDoCQEwghZU_201_211,6
BefkDBj5gSw_104_109,3
BefkDBj5gSw_233_240,3
BE_uxYK9uz0_150_168,9
BE_uxYK9uz0_49_56,4
BGG0uYWZBdw_6_12,4
BgoOihBb78w_38_40,2
BIqVvRh_cEY_143_149,4
bJJndejsUWc_88_98,5
bK-i_FAcpoY_86_92,4
bkazguPsusc_74_85,9
bLqmf8x7rLI_2_8,4
BLXzfdNmydQ_151_156,3
bL_Kijz9IN4_0_15,8
bmOy6p87TWI_26_35,5
bmvD4HlPFxg_20_27,25
bmxIurBrW5s_51_70,10
BnJUWwSx1kE_11_22,12
bnN_o0Hkn3M_73_80,4
BOLKaQeB6j0_101_111,6
BOv-2HzNPaA_7_12,3
bQJQGoJF7_k_109_115,3
bQJQGoJF7_k_120_126,3
bQJQGoJF7_k_145_153,4
bQJQGoJF7_k_162_169,4
bqMmyY1ImkI_0_14,8
BR4yQFZK9YM_101_110,12
bruzcOyIGeg_4_12,7
bSIjZ75a50s_286_304,10
bSrpvMSuhPM_17_31,8
BtQEY2SL4g4_11_16,4
BtQEY2SL4g4_126_132,4
BtQtRGI0F2Q_15_20,6
btuxO-C2IzE_64_72,5
btxCxlO1Euc_1_20,11
buJ5HDCinrM_150_166,9
BvHnDAsMtUA_0_13,14
BVilbVCo9sU_1_11,11
BVjvRpmHg0w_121_130,5
BVjvRpmHg0w_157_165,7
BVjvRpmHg0w_231_250,12
BVjvRpmHg0w_47_51,3
BVy9SQI5R68_0_7,30
bxDlC7YV5is_0_12,7
bxjFqtfJlMs_18_27,5
bXsKw3TOQXs_30_55,14
ByGspTdA1ug_16_24,5
b_BuSVZwq6M_1_9,9
C12BRGGcd5E_101_117,9
C1MNCR1o9lU_0_7,4
c2a0GcoJAjw_107_129,12
c2a0GcoJAjw_52_73,11
c2MwqFYVE7A_40_45,6
C2rDp6FnbP0_10_17,4
c51L6ZxZGjQ_137_154,9
c53HKs39i28_26_35,5
c75SIlAjfjg_6_14,5
c76tShLfQb0_74_81,4
C9LHk0AJI7U_196_205,5
C9vRgZDxTv4_26_33,21
CBD9h0jUq3w_1_7,4
cCmnN96zIeQ_14_24,6
CcvJs77L-e8_15_22,5
Ce7equ9zCxk_4_19,16
ceOXCFUmxzA_100_110,6
cFzSEIGrEfA_0_24,27
CGllPWAwmUo_1_15,9
CgWYN5e9K10_30_62,17
CHFXTeQWXjo_206_212,4
CHVhwcOg6y8_1_12,7
Cjf21Y19aUQ_82_86,3
cJOZp2ZftCw_1_12,6
CjvMNwpAFWM_56_66,6
CL49s8bO6Fg_1_11,10
clKtfGBVI1I_15_28,7
cLNrpO6wBk4_37_47,6
clpgffj3sUw_1_12,12
cM55xNJ_pfU_1_20,27
cmQ3SiIaWy4_4_20,9
cnsjm3fNEec_4_10,7
CquJjlNuotg_147_155,4
cR2yi-JnGcQ_8_16,6
crfrKqFp0Zg_15_25,6
cs33MNhpRNw_16_21,3
cSDkshD2ME0_11_14,3
cSDkshD2ME0_12_15,2
CTIKmoEigCI_3_30,28
CulG2SMC7DU_14_25,6
cUW_bXll6YM_390_395,3
cUW_bXll6YM_462_469,4
cwkjJrGpoaU_30_41,3
cWOPC2kt_IA_8_16,17
CwPfvoqmV1Q_58_61,2
Cx1We6GX4IM_0_8,9
Cxxx6wJ1jNo_0_10,11
c_-eFL7Sfw4_19_35,9
C_1cnNdMwxY_0_8,3
C_DDjCRxTxQ_1_4,2
c_XV7nPoRg8_2_12,6
d-2C_N5anww_1_3,2
D1tTBncIsm8_198_205,4
D1tTBncIsm8_248_254,5
D1tTBncIsm8_681_688,5
D1tTBncIsm8_725_740,9
D1tTBncIsm8_841_848,5
D1X6qXkLjYE_41_49,5
d1zdJO3CqVw_1_35,36
D2FbgK_kkE8_121_151,30
d4AGWnHJcaY_6_19,14
d7eGypGOlOc_13_22,5
d7Gs0uGFLh0_5_13,8
D9I1Z6O_mbw_112_119,4
D9I1Z6O_mbw_141_146,3
dabI5gfaFm4_19_25,3
DAmOfcvfKZ0_22_32,6
DB-3-TVjrxU_58_75,10
DBvSfds3FH4_76_80,3
DBvSfds3FH4_84_88,3
dc4UltkRJsw_53_59,4
DcDYRpa34W8_11_25,15
DDtX5a-OgLQ_1_15,14
De815YpTBic_41_48,5
dEn5E-TNezw_13_23,7
dfOuTx66bJU_11_14,2
dfOuTx66bJU_34_39,3
Dgf0VHMEtNs_57_66,6
DGQL5lx-mwE_2_12,11
DhwrBs96Kgk_120_124,3
dhxE9CNeVeY_0_12,15
DIebwNHGjm8_133_148,9
DIebwNHGjm8_27_38,7
DIToA1dDwGQ_32_42,6
dJ3ba9zwx6c_5_15,6
dJCtOz32dnw_40_60,11
dJEoDaA6VXc_1_19,28
DJWmm_Q9WvY_1_25,25
DKgHYLDebx0_0_8,7
DKZg4kIEa0A_31_36,3
DLcuZ-HnHZc_0_10,11
DlOhXqKcLXk_7_14,4
dMH0bHeiRNg_3_14,6
dmyz_f8Sx14_56_66,6
DN7jwyL1Xgg_1_19,9
dP15zlyra3c_0_10,11
dq7agmFWkq0_5_9,3
dQmaVQZz7EE_1_18,16
drsPD5fI1IA_170_180,6
dtn0PuxgfkM_0_5,3
dtwXtwJByYk_5_14,5
DuMkW35BwK8_43_47,3
DvYN53KBDr0_51_62,6
dZBIdRGKRhM_13_32,10
d_BWuttLRFM_42_52,6
e-j59PqJjSM_163_173,6
e-j59PqJjSM_264_277,7
e-j59PqJjSM_405_416,6
e-j59PqJjSM_50_98,25
e-sf-hyrkTs_20_35,8
E2r6nnkwl0c_6_18,10
e3XkmpNcSt4_8_19,7
e40bBP0_AbE_64_67,2
E4k0Aylzdyo_97_104,4
e4QGnppJ-ys_6_14,6
E61HNXjgyqA_22_32,6
E6sqA9QtV5I_195_201,4
e996zZ0uV_A_152_163,12
e996zZ0uV_A_196_204,9
e996zZ0uV_A_68_72,5
EA-J-Y6QjUo_40_61,22
Ea0thGZKPXA_25_35,5
Eamd2wMKixs_48_72,10
eb-Zp4pJLKk_2_19,8
EBWPZIjtnTM_1_6,3
ecm9gf2Pgkc_1_24,13
ecVwxlXc1PQ_0_12,10
edqyq4Q-7uU_103_109,4
EdrZtaBUXIo_25_29,5
EiylMb_mWk4_2_20,24
eiyuac7hA4A_4_47,22
EjAoBKagWQA_132_145,7
ejgwQqCHN1E_7_12,3
EKL6elkbFy0_16_30,15
eKtsMfmQ_0s_61_68,4
elQqQfux7Po_12_22,11
Els1Cclg_sk_4_15,12
emblM4a76jg_5_15,6
eoP-SCgYM2w_49_60,6
EPgQ9QwbsLE_16_23,8
EpMuCrbxE8A_107_115,5
ePujnD4qJO0_62_77,8
EPXsiQw9vvo_1_12,11
EqOGzNkekMk_5_15,6
eroAmLZ85DI_28_35,4
eTnlw7v8ea0_36_50,8
ETUJipdnfOM_0_5,3
EVqc7e8JCco_5_15,6
eVSQiPbepXg_44_49,3
eVSQiPbepXg_83_93,5
EwTZ2xpQwpA_14_21,4
EXyp0Q7L1zE_30_38,6
eyhzdC936uk_15_27,13
eyMYc-37Sk4_0_10,6
eZLxohGP4IE_147_158,7
eZLxohGP4IE_15_25,7
eZLxohGP4IE_190_201,7
f-24IxG9ijw_25_40,17
F1BwUJ4--Qw_21_38,18
F2Ny7rq9RKs_139_148,5
F3pmw2ga244_59_65,4
F44bLc6t7-I_1_8,8
f9Won2JpOEU_60_80,11
f9_bP219ehQ_63_70,4
FA3OfhJK0mI_195_203,45
FAD8CbQuvco_35_45,4
FavUpD_IjVY_22_26,3
fBA_lxUiwSg_2_4,2
FCjpuJaUec0_19_26,4
fcvW1vr8hAs_104_108,2
fcvW1vr8hAs_96_102,4
fd7Ky1lEPT8_40_50,5
Fe4tO5vW9_E_64_70,3
fEsrO_poIUg_161_168,4
FeTaKOPVaJg_15_25,5
FeTaKOPVaJg_60_70,5
fF89MasBFLw_321_326,3
Ffv7fhL1EDY_177_184,4
fGc6_D0JEIQ_31_46,8
FGjtmhI-Rmk_30_37,4
fgWFxFg7-GU_10_26,9
FH8vgAp4VDU_10_14,3
fHfpMUDrQCs_17_31,8
FHwC2THZJfA_0_10,11
fIaLVw_Gc_w_99_109,6
ficwZQYmRLE_5_20,8
fjDvKHkmxs0_119_126,4
fjDvKHkmxs0_72_87,8
fJr2evLANsE_0_10,11
fkONJEgTNJY_25_35,11
fKqBnl8D1Qo_5_44,20
fMFvOgb4k6E_35_43,5
fMXfphSi6Yw_7_12,3
fnpp8v9NbmY_181_188,4
FoL7aWvpvNs_199_204,2
FOOM-wA2rOY_77_86,5
fqly5kyO2MI_10_20,6
fr9H1WLcF1A_141_148,4
fr9H1WLcF1A_256_261,3
fr9H1WLcF1A_326_336,7
FTh5zPk34bQ_16_30,10
fvBs0xpEZhQ_10_30,12
FvfjDQj5sOY_1_10,5
fVWUaH2mCt4_1_7,7
fw8qvK67jYY_50_97,24
FwCmcZpkk-k_22_32,8
FWzsXeXCwuc_106_110,3
FWzsXeXCwuc_111_116,3
fX5G_JwPlLo_640_660,11
FxIuFwMhOu8_18_26,9
FXWdmIHXS_U_3_10,2
fY0lZTWlBAg_470_485,8
f_CvW22Eauc_16_23,4
f_GnkweYzzI_35_41,4
G-M78KIy19E_315_330,8
g1Gldu1KS44_8_14,4
g2IYQq7IkXc_124_132,5
g2IYQq7IkXc_23_32,5
g36ho6UrBz0_5_20,7
G6w6kO8UPyg_31_41,4
g8LUhxR-6Wg_0_8,5
g9aZcaEg7iY_0_9,11
gbbRwBZuhzI_26_40,7
gbUhorqLCzU_10_23,14
gbW9f8xydks_0_10,6
GcfWD62sbcs_13_33,22
gCra4qOrjFw_1_17,16
ge7OOILJA6U_20_25,3
GEXqMH8I3_w_14_18,3
GEXqMH8I3_w_63_68,3
gGDtPJzh_0s_30_45,16
ggic669elLM_200_215,8
ggWzbEFC-RE_1_11,14
Gh4Beb8StFM_29_50,13
ghynaoVNwZc_1_20,40
gHyXstpe_N8_116_125,5
gHyXstpe_N8_140_150,5
gHyXstpe_N8_95_100,3
gHzws6FpuNE_10_12,2
giLxPCgLLqg_9_19,11
gIvetX_oXeI_85_90,3
gjVBEJGHrXk_26_38,7
glii-kazad8_21_29,6
glrijRGnmc0_211_215,3
GlW6n43pUQA_0_12,7
Gm1WnWVXYzQ_0_9,5
gMqKUPeTAkg_17_30,7
GMuijLIJH-U_1_10,5
Gn4Iv5ARIXc_37_40,3
Gn4Iv5ARIXc_83_93,9
gnEE6oWoz7U_124_132,5
GnwKcpfr_ng_10_20,6
GnwKcpfr_ng_47_57,6
Goj131_GxYs_2_7,6
GopEjCCu2jo_2_9,7
gp8XjWSoP2k_0_10,13
GPT4vUwlrXY_1_10,5
GPyFZMJ5Dow_56_70,8
gqSOvUH_njE_151_155,3
gqxpGOHUH9k_113_119,4
gtixLEvO2Us_0_6,4
gtIz1u8g1F0_3_13,11
GtrTNldo0LI_33_46,7
gvVsgOK1iJw_32_38,4
Gw0FU733zzg_58_66,5
GWQTAe64m-0_160_166,6
GWQTAe64m-0_91_94,2
gWRRHV7DLV0_21_31,6
gXVaC3gBWbc_22_30,5
GY5Dl00LrEI_2_13,12
GyIs9B3A1Z0_0_7,3
gyOVZz7kXyM_1_10,10
GzlnqrzdYHU_32_40,4
G_hxdUG6QXE_23_28,3
h0JvF9vpqx8_213_223,8
h0JvF9vpqx8_36_42,4
H1Bok7Dg7g8_21_26,4
H7vezmDeZaw_2_7,4
H9Oplnr8WcE_24_34,11
haJn6k5zVnE_1_23,11
HAjwXjwN9-A_16_24,6
HBCJYhUjVf0_0_9,8
hbE29pZh76I_3_8,3
hcCLIzzB1jQ_1_7,6
Hd-NeIhbYGc_28_31,3
Hd-NeIhbYGc_43_48,4
HDcIB1e9s5A_28_34,4
He7Ge7Sogrk_47_70,12
hEOGZoYSvT4_82_86,5
hFERWnoc-nU_0_12,5
hJFBXHtxKIc_118_123,3
hJFBXHtxKIc_163_168,3
hJFBXHtxKIc_204_209,3
hJFBXHtxKIc_225_230,3
hJFBXHtxKIc_286_291,3
hJFBXHtxKIc_298_303,3
hJFBXHtxKIc_310_315,3
hJFBXHtxKIc_317_322,3
HJHPB_Y8GZE_22_28,4
HJHPB_Y8GZE_259_263,3
hJuqBDw_TT4_105_112,5
hJuqBDw_TT4_14_25,7
hkkmKk9LcQk_36_43,4
HkpUWzNNVt4_20_30,6
hksxtbcS780_7_14,8
HkuOqWzXYVg_0_12,7
HM-ZDoRWiH4_0_5,3
hM3jzlyNIpc_0_10,11
HmVPxs4ygMc_44_53,5
HN-ccxID8IM_3_10,8
hNECyt6Bo0A_5_10,3
hNOzHvsEmg4_31_36,4
hNPZmTlY_3Q_0_8,15
hoinj6vyQ2g_8_16,5
HO_ovIrLWfQ_1_11,11
HPFLN5azwtA_56_63,4
hPyU5KjpWVc_0_35,35
HqbVbPvlDoM_0_11,6
hReROJQpSow_24_30,6
hSgGBHbJrmE_0_17,10
ht2oIYBSoI0_9_21,7
htry5uxX0-Y_45_52,4
htWPOGTagec_2_18,16
Hu9Sq1RvuoA_19_62,22
HV12kTtdTT4_5_14,10
HVR7KpItLfA_62_70,5
hW8TKz2Aea4_40_50,7
hW8TKz2Aea4_5_12,5
hWhKdXcqYeU_3_12,24
hXn7D6-AAMA_0_9,9
HxRK-WqZ5Gk_30_50,11
hxZ-5wELSJM_0_12,13
HYbEf-JKZnA_13_26,7
HypgcCT1r68_38_46,5
HZ-BuDDmvVk_0_10,11
HZqscSWtHmo_24_34,6
HzYtvOYOEoU_21_32,6
i2GgBwlwV0c_24_31,8
i2sRHf9m5KM_28_42,8
i3cHNObcEh8_0_10,11
i3fd4nE8OCI_174_181,5
I9gLTZY1ouc_142_147,3
iarsmqA3dck_19_25,4
IAvBB2lv8iw_142_148,4
IBgsLmDcL78_80_84,3
ibSwITK4jjQ_14_24,6
iCiGjZEV7VI_65_75,5
ID2xXlUENG0_19_24,3
idRc_KkInds_0_6,7
idXJu0BQRvo_2_6,6
IEQyCcageGg_99_126,14
iEW-EkPQywU_61_83,12
ifS2nXfCyYo_4_34,16
IHIa75B9AhI_2_26,25
IhwPQL9dFYc_124_129,3
IhwPQL9dFYc_130_136,4
IhwPQL9dFYc_137_143,4
IhwPQL9dFYc_143_147,3
IhwPQL9dFYc_153_170,10
IhwPQL9dFYc_171_175,3
IhwPQL9dFYc_24_30,4
IhwPQL9dFYc_50_59,5
IhwPQL9dFYc_61_75,8
IhwPQL9dFYc_78_88,7
IhzXQ-gc9IQ_125_129,3
IiIiY6o-C9k_49_55,3
IiIiY6o-C9k_59_64,3
IiTzJQE67FA_36_46,6
IiTzJQE67FA_74_86,7
iLr7ZHAq1ro_7_11,9
INDhUwDMg-4_220_227,7
inLBPVG8oEU_18_24,4
inzk2fTUe1w_1_15,15
io2dbV-Qbus_215_247,17
IpHJffM3G1c_412_418,3
IpHJffM3G1c_439_446,4
IpHJffM3G1c_464_470,3
iTA0rWPE4nY_17_23,4
ItFqogTmAvQ_240_246,4
ItFqogTmAvQ_281_286,3
ItFqogTmAvQ_361_365,3
ItFqogTmAvQ_389_395,4
ItFqogTmAvQ_48_52,3
ITNh8tWZPOA_5_25,11
itxzpFW1z7E_22_36,15
iuqVpMdb1NM_35_43,5
iUYWdCxvJCI_2_14,6
IWhrWLOAin0_1_4,2
iwpnUHFhjWc_84_94,6
iwpnUHFhjWc_9_14,3
Ixw6wmoC_xg_116_126,7
Ixw6wmoC_xg_60_70,7
IY1Fn796MoY_7_10,2
iyAoiWeD53k_120_127,5
IytNBm8WA1c_63_67,3
izU1dDwnuMY_80_92,6
I_-Nb_0RxpM_1_15,7
J---aiyznGQ_0_6,7
j1Z890_Q3so_131_138,8
j2Dhf-xFUxU_13_20,4
j2Dhf-xFUxU_20_29,5
j2sOMdilDWU_87_97,6
J3_hkgu6MGc_43_52,5
j4dMnAPZu70_11_18,10
j4dMnAPZu70_12_17,9
J4otiwOjQy8_98_112,8
j7xz1nos-xc_10_20,6
J7zb8YXrmIA_93_99,4
J8cP93yG1Ao_14_24,10
JAFGw0WRHHU_108_116,5
Jag7oTemldY_12_25,7
jbzaMtPYtl8_48_58,5
jcIrD7rNvTM_10_21,7
jCplbayVbtw_10_20,7
jCplbayVbtw_28_38,5
jcRCn7MeSbo_71_82,6
jD4o_Lmy6bU_117_137,11
jdAbpLooDgM_10_15,3
jDFn-1lXJ98_71_80,15
Je3V7U5Ctj4_488_495,4
Je3V7U5Ctj4_504_511,4
Je3V7U5Ctj4_558_563,3
Je3V7U5Ctj4_569_576,4
Je3V7U5Ctj4_582_587,3
Je3V7U5Ctj4_634_639,3
Je3V7U5Ctj4_760_765,3
Je3V7U5Ctj4_768_773,3
Je3V7U5Ctj4_956_961,3
Je3V7U5Ctj4_997_1004,4
jfrrO5K_vKM_55_65,6
Jfu-WkuCgD0_140_150,6
JhCvLmf9yr0_46_50,2
jI58q6rcNLc_8_18,12
JIKaIriiK8w_0_15,16
JIoiUNOXGaI_34_41,4
JIoiUNOXGaI_8_13,3
JIoiUNOXGaI_98_104,4
Jj4uYHr65H8_28_35,4
jjl2ZMdFCsw_130_142,17
jjl2ZMdFCsw_17_35,22
JK1R9k1WDpc_6_15,6
JktNQQnLblQ_4_9,3
jlahRlo4jlU_30_36,4
JledeVyklPw_1_6,6
jLgmCY1fEE8_16_26,7
JM4913Fe-ic_4_15,5
jMO3jGQeqyk_3_6,4
jmoT2we_rqo_0_5,3
JMUAylpXzG0_45_62,10
JnNe61UZsdM_42_51,5
JnNe61UZsdM_78_88,6
JntMAcTlOF0_50_70,11
jPBxl9gFqNY_110_117,5
JpjAgSvr42k_0_12,13
JsD6uEZsIsU_1_47,24
JsD6uEZsIsU_45_58,7
jsEUFYhiqxU_121_128,4
JsmHZlUgf1w_0_21,22
jTaLGh_MKCM_5_20,8
jTnrm338_KY_34_42,5
jv-eV6jR3Qw_7_12,6
jvxUeT1Nlb8_100_115,8
jW77z3-SrO4_56_63,4
jxdubZzQrio_33_46,7
JXSkYkiKO0I_112_116,2
JXSkYkiKO0I_42_46,3
Jxw16bqzVqE_18_28,6
JYNzY9jmsQQ_2_10,9
jZ8X8e7eRVk_24_27,4
J_evFB7RIKA_104_120,6
K-czl524zxk_6_15,5
K-KVz3eqbnA_1_10,6
k-SWy-sU8cE_5_10,3
k06Ge9ANKM8_5_16,6
K1ZM0LSLVw8_481_487,4
K1ZM0LSLVw8_488_494,4
K2LxyytY3Dw_104_112,7
k4hhWYtaQ14_0_10,11
k5OKBX2e7xA_19_32,7
K6xy6C-Hsa0_2_28,9
k8l4ETsylVY_9_18,10
k9Brw_0gncU_14_33,11
kBjUDCyDCuI_20_26,4
kBMsuhDvg88_45_64,10
kEGmZDpZ_RE_248_293,24
kEGmZDpZ_RE_295_330,18
kEGmZDpZ_RE_352_370,10
KeSQ5Rv7eH8_73_79,4
Kf8oZGHDTt4_4_13,6
KFt5Zz5Mwlo_12_30,10
kI6MWZrl8v8_149_161,15
KIEWo_xJ5nU_0_7,4
kIZanu909lw_67_80,7
kJY5BRCNAs4_3_6,2
kk3TIio1-Uw_5_14,6
kKGehSw5ht8_39_45,4
klFyrnrUSck_13_19,4
klFyrnrUSck_25_36,6
klFyrnrUSck_42_46,3
klFyrnrUSck_63_73,6
klFyrnrUSck_79_85,4
klFyrnrUSck_87_100,10
klteYv1Uv9A_27_33,7
Kms3EXosNS0_8_17,5
kNHivduxQWg_0_14,34
KpmVL4ANieA_0_9,10
KPPCwmU5OHQ_227_238,6
KPPCwmU5OHQ_258_266,5
KPPCwmU5OHQ_424_430,4
KPPCwmU5OHQ_467_472,3
KPPCwmU5OHQ_480_486,3
KPPCwmU5OHQ_56_62,4
Kqb-mmkEWqU_1_5,3
KqKUXRHHkCc_101_105,2
kquB3rIgfGk_197_202,3
kquB3rIgfGk_525_532,4
kquB3rIgfGk_537_544,4
kquB3rIgfGk_640_645,3
krAk8WPZRL4_207_212,3
KrBeBabazDU_15_20,6
kRNHJSc4AXE_220_228,5
kSzS_lFtJDk_55_70,8
KUc1cWKXjDc_20_30,11
kuNQpRTc-hA_126_135,5
kWLNZzuo3do_145_151,7
kWLNZzuo3do_147_153,7
kWLNZzuo3do_152_164,13
kWLNZzuo3do_154_165,12
kWLNZzuo3do_167_181,16
kWLNZzuo3do_17_23,7
kWLNZzuo3do_192_196,5
kWLNZzuo3do_206_213,9
kWLNZzuo3do_217_222,6
kWLNZzuo3do_222_227,6
kWLNZzuo3do_228_232,5
kWLNZzuo3do_24_31,9
kWLNZzuo3do_251_260,10
kWLNZzuo3do_25_32,9
kWLNZzuo3do_262_270,9
kWLNZzuo3do_31_37,7
kWLNZzuo3do_38_42,5
kWLNZzuo3do_38_47,10
kWLNZzuo3do_48_53,6
kWLNZzuo3do_56_62,7
kWLNZzuo3do_76_80,5
kWLNZzuo3do_77_83,8
kWLNZzuo3do_86_93,8
Kxa0mnDj0bs_113_124,6
Kxa0mnDj0bs_15_20,3
kZfBt5me3Pg_2_7,3
kzyFBlNRohs_82_88,4
l57mQZvDaL4_10_30,20
l5JJ2n2ggiQ_319_327,5
L6dEUQ6WiHY_136_142,4
L6dEUQ6WiHY_171_186,8
L8h2DazQZJY_0_10,6
L9wD3kw-8FE_65_73,4
labytsb3gfI_146_154,5
LacBy2NT3YQ_12_17,6
lAznAeFFldg_6_10,5
lB1UPJ4leqs_0_6,4
lB1UPJ4leqs_1_6,3
lb8J2zCQTlo_3_8,3
lc9bA-hvqHU_1_6,6
lcu-DwrnYY8_2_5,2
lexLAjh8fPA_27_31,3
LEz0puaKNTk_38_48,6
LF51fban_x4_300_325,13
lFdg5CWMTt0_24_28,3
lfGlDg47How_110_115,3
lfGlDg47How_361_367,3
lfGlDg47How_93_98,3
lFyPUgJCmtU_100_110,6
lGk1MA6YP-M_36_48,7
Li3umATsU0E_1_5,4
ljGcQocjSs4_38_60,12
LjimLwAhAOQ_5_15,11
lKADopH3qFY_0_10,11
lKpGc3SCSVw_12_20,9
LLkehH86ABY_30_36,4
lm0z7eLsbbw_9_23,15
lmCrIZeob4w_23_26,3
lo4KcsBN--A_0_10,6
LQ-jv8g1YVI_1_6,6
LqPIBHAmt4E_22_30,9
Lr8ds5iY5uk_8_15,4
lR8RrUBhCQg_5_15,11
lrZxpneS6Gk_0_12,13
lsanQj2yacs_102_108,3
lsanQj2yacs_80_85,3
lSnWhsmlGec_5_10,3
LSuVRWPoHr0_0_37,19
Lt1JijkvSKk_0_10,6
LuQ0KiMMhoI_49_64,4
lv8d_qLLqsk_1_20,10
lvFYUmDSOvU_34_38,3
Lw0eGsYxElA_11_14,3
lw7pTwpx0K0_38_48,6
LwicaralvS0_90_104,8
LwvyrDxM2G0_0_11,11
Ly5D0z9gKtc_15_20,3
Lyp7MiaCXNE_114_120,3
LYSPQqUvNO0_43_57,9
LyYJiKxHZz0_0_10,6
m1c04pCYGxA_57_64,4
m1NR0uNNs5Y_104_110,4
m1NR0uNNs5Y_123_129,4
m1NR0uNNs5Y_160_166,4
m1NR0uNNs5Y_192_198,4
m1NR0uNNs5Y_224_230,4
m1NR0uNNs5Y_273_280,4
m1NR0uNNs5Y_57_64,4
m1NR0uNNs5Y_73_78,3
m1NR0uNNs5Y_88_94,4
m4D72WXFd8s_557_564,4
M4It3DrhbE0_13_22,5
m7x8uIdg2XU_67_73,4
mbesJaS6vwg_187_195,5
mCrRHP4LFmo_24_40,10
MdOAr_4FJvc_5_15,6
me1D1WZ0yNM_120_124,3
mF6ijhSrbBQ_32_40,6
MF88IYF2MHY_25_59,38
mFCf8lLXrUc_25_35,7
mFCf8lLXrUc_36_57,13
mfJjIOfj6D8_3_10,5
MHIVmf42Ao4_31_36,5
mHv4iJ9Yr1g_10_16,7
MHWxjWwAbwM_10_25,9
MICawzo1MqI_3_13,6
mJ9eRvxjLc4_0_16,16
MJNStEgDKXU_3_10,8
MJoxGpEswOI_9_16,8
MMnnqzOoMF0_68_72,3
mmSQTI6gMNQ_120_128,5
mmSQTI6gMNQ_15_21,4
MoqC84sXu88_47_59,13
mOZkcBcWR8o_6_12,4
MPuKVz3sjBA_1_12,18
MqS82kBtUHQ_0_12,6
MrMG15y3rWU_5_13,9
MrQd1zUVRUM_103_110,4
Ms3QdGIzltU_10_20,6
Ms3QdGIzltU_1_16,8
msCidKHOh74_392_399,4
msCidKHOh74_410_418,5
MSrJTeKNzdI_32_36,3
MTjrZthHwJQ_2_11,14
MTkGPfMRXtc_5_21,17
mtrCf667KDk_134_176,22
muI1BFsdbdo_33_45,9
Mutb8BHFvzk_15_20,6
mv89psg6zh4_33_46,7
MW21lp833Vo_143_149,4
MW21lp833Vo_8_16,5
MwOEK-KXSPc_1_10,5
MWvCcwTw7Ac_154_181,14
MWvCcwTw7Ac_78_86,5
MWzeInQaUk4_12_20,5
MY-rGamtAJc_6_22,17
mYzajpeAWuA_100_112,7
mZVPkPqwzR4_38_45,4
M_TP6UTrh30_343_358,16
n016q1w8Q30_2_11,10
N2Cm0SLr0ZE_18_29,12
n2NLoLNecgI_168_178,6
N3A7944_UJw_63_70,5
N5wsl86P37Q_1_15,26
N6SglZopfmk_97_111,8
n6U-TGahwvs_100_110,6
nau1vCzyFQ4_37_54,5
NaX51emUDn4_0_20,11
nb12bAaKzvA_0_10,6
nBFhvrAOFqY_23_29,4
nBFhvrAOFqY_89_103,9
nBJV56WUDng_38_47,10
NbOlG7THecM_25_34,5
nc0fVlaTYEs_34_44,13
nc8hwLaOyZU_1_19,20
nCtZFOYAlvQ_44_49,3
nd0ToNwccl4_12_17,3
Nd45qJn61Dw_0_10,5
Ne87egvJnWo_0_3,3
NFxWwI0J3As_78_84,4
ngHDYzhDBk4_24_29,3
ngHDYzhDBk4_5_14,5
nhm_APPwhWk_6_12,4
nHZsE7T7hwI_13_23,6
NjblUomxFQo_100_108,5
NjCqtzZ3OtU_303_307,2
NjCqtzZ3OtU_62_67,3
NKtfKR4GNjU_0_20,9
nlU3crMsbWI_19_23,4
nLvX-erABqY_67_72,3
nLz0QuerH1c_8_15,7
nMBSDpB3WB8_5_14,5
NMlKMfiHSho_1_15,15
NNYLo1OeZ-Q_48_54,4
NoCgvH4xZHo_240_251,7
NoCgvH4xZHo_56_63,5
NoCgvH4xZHo_68_74,6
nohvigNMsbo_199_207,5
nPj6EcVGoUY_7_15,9
nq4hG6qgyPs_184_195,6
nq4hG6qgyPs_240_251,6
nq4hG6qgyPs_370_377,4
nrZyPuRd5pU_85_92,4
nS6oQxX_Qi8_2_12,5
nTasT5h0LEg_12_14,2
nTasT5h0LEg_40_43,2
nTUONeDqhdk_10_15,3
nULE40HEWpA_5_11,7
NUYu9c9XsgY_7_21,15
nV3Wv8iHp4U_0_38,41
NV6pq1W-I4g_7_16,5
NVGGgncVq-4_111_117,3
NVGGgncVq-4_12_20,4
nwk4m329bLw_2_10,5
nYwbAb0QvBE_195_210,8
nZSFn51l3hc_318_326,5
nZSFn51l3hc_480_485,3
nZSFn51l3hc_660_666,4
NZWiKMZS_k8_39_48,5
n_Z0-giaspE_168_193,21
n_Z0-giaspE_270_278,4
n_Z0-giaspE_379_387,6
n_Z0-giaspE_437_447,3
n_Z0-giaspE_62_78,4
O06WXS_XZN0_0_6,14
O2qiPS2NCeY_2_18,34
o2X6UCaNqKA_27_36,5
o4OsYxsNGMI_77_82,11
o4pL7FObqds_137_147,6
o4pL7FObqds_243_263,11
o4pL7FObqds_72_78,4
O9cOSO9L8Zs_1_16,15
O9yLRzpPp44_167_190,12
O9yLRzpPp44_36_55,10
OaBmAg6gz30_4_18,14
ObBss94n3gI_35_46,6
OBLIjdMIIt8_54_61,4
oBt257I-pL0_0_10,15
OCcy9TDRGKo_118_127,5
OCcy9TDRGKo_41_51,6
oDcd2JbOyzg_38_55,9
oDcd2JbOyzg_85_98,7
OE6H_M52Sng_89_97,5
oeaVXK2GAyc_4_21,9
OfgSCMxttCc_86_92,3
oFUsn1owAbs_158_168,6
oG6LLGi_n48_51_55,3
ogcqFaNbah4_475_487,7
OIg10Bl7urs_0_10,5
OIjsSu_I4So_6_10,3
ok4cM6WTA5E_120_133,7
ok4cM6WTA5E_142_150,5
ok4cM6WTA5E_178_184,4
OKBLPpAPp9c_2_17,8
Okg8QYhdtvU_48_53,2
Okg8QYhdtvU_73_92,5
omGWjiwxcTE_18_23,6
omIPdpxg--4_39_46,4
onW5hJXnI5s_10_16,4
onW5hJXnI5s_126_133,4
onxE6PpEXes_8_25,9
OO-5-eVEKPA_25_31,3
OpR1Er5o6IY_209_217,5
Oq3FV_zdyy0_843_855,7
oRBgVOiZVsc_16_22,3
oSnYUfCGiCA_7_17,11
otLEUwHao_E_140_151,6
otvx5OZHTJc_1_22,12
OUII8_aOfNM_26_55,15
OUII8_aOfNM_60_69,5
OVEe1DMsOq0_43_52,5
OvRmRN1-O0Q_21_25,4
Ow_o78zjo14_42_57,8
OxL9z2BzBnk_0_19,20
o_mWZWcm2r4_10_15,4
o_mWZWcm2r4_47_54,4
O_NWtDShLeg_21_25,5
O_Pst-uryQI_1_14,13
P2WM91LENgk_40_50,5
p3J3TAdKAYQ_0_10,11
P4IjNV3lZkQ_136_144,5
p69d3UBdpR8_98_109,6
p69Q8lTkZTc_21_29,9
p6cg2jWI34M_34_42,5
P6eo3LULuuc_1_11,11
p6T3XrnYtFk_4_13,10
p7IAuvd87hQ_12_19,8
p9g06ktIkJg_4_11,7
PAm82v0AMFc_5_10,6
PAN5IVvMlVc_17_23,4
PBHZtoygOYg_450_465,8
pcjuCotJYj8_50_62,7
PCXHuseKwDc_17_20,2
PCXHuseKwDc_68_76,5
PD6eQY7yCfw_32_37,3
pdrBPJYfTC8_33_39,4
pDvzOLRLjPc_0_8,9
PECk9A-07Pw_1_9,5
PeUHy0A1GF0_105_112,4
PeUHy0A1GF0_114_121,5
PeUHy0A1GF0_122_127,3
PeUHy0A1GF0_28_32,3
PeUHy0A1GF0_51_55,3
PeUHy0A1GF0_62_66,3
PeUHy0A1GF0_68_73,3
PeUHy0A1GF0_74_77,2
PeUHy0A1GF0_78_85,4
PeUHy0A1GF0_99_103,3
pfQPRXcihkI_127_138,6
pfQPRXcihkI_135_144,5
pfQPRXcihkI_160_184,13
pFSoWsocv0g_8_17,12
pGCRurvXQGM_45_56,7
Pgm-mOQu2MM_48_62,15
pGsU4FekJQM_10_18,8
PHDmVhShE80_20_29,6
PHDmVhShE80_36_46,6
PHDmVhShE80_78_82,3
PHDmVhShE80_82_86,3
PiyoeFC31kE_9_27,19
PJnJMp2ZpbA_3_15,13
pmEKZ6yVewc_0_10,11
PmrTDZy3f2M_35_39,3
pNelR-nHz7g_68_90,10
PNMsPz1701c_3_20,18
po2tcrG6KzM_2_8,7
POv7JaE3vJ8_40_50,6
pptYu3YQnxY_160_170,3
PQbkdRbir0M_45_53,4
PqSZ89FqpiY_65_75,6
pqTWUzehCUM_42_47,3
PqvKNqkGI9o_47_52,9
pQYEZTwSVbQ_12_18,7
Pr5LQq42l4M_12_17,5
pRpeEdMmmQ0_1_18,9
pRpeEdMmmQ0_65_70,3
PslVHtXc7Tg_8_14,7
psXeA8sSYdI_25_30,2
ptHkvYrH9fY_2_10,9
PTxHJMM6hHE_0_15,16
PugziVUikEg_117_140,12
Puh1n8DTKw8_2_9,4
puineN1UMto_25_29,5
pUPKsHTDZTo_70_85,16
PuQVs2Ch1LY_5_15,6
Puv_4NtflqE_26_34,5
pW9DFPqoIsI_26_50,13
pzq5fPfsPZg_145_160,20
pzq5fPfsPZg_29_33,2
pzq5fPfsPZg_51_57,11
q-a6NEotUX8_5_10,7
q-JHcsqJXWY_0_8,9
Q-soOsOLIGQ_0_22,12
q3I3R_gqy8M_34_37,2
q3I3R_gqy8M_38_42,2
q3I3R_gqy8M_73_79,3
q5ZRMvjzhXQ_15_29,4
Q6HuQEIJqcA_9_16,8
q6vz80UkVtw_0_7,4
Q7H9mI9dtMY_20_34,10
q7pOFn8s4zc_263_273,6
q7pOFn8s4zc_27_36,5
q8t7iSGAKik_11_31,11
q8t7iSGAKik_57_74,9
q9ew_nITQWY_54_62,5
QA_JTtM1hKA_5_15,6
qBFSt85-xqk_15_20,3
qDjtN7xxNr4_44_51,5
qeKX-N1nKiM_0_5,3
qeKX-N1nKiM_106_115,5
qeKX-N1nKiM_123_130,5
qeKX-N1nKiM_133_142,6
qeKX-N1nKiM_37_43,4
qeKX-N1nKiM_52_59,5
qeKX-N1nKiM_68_72,3
qeKX-N1nKiM_74_77,2
qew09qQgMAg_22_27,6
QGgJlHi3tjw_1_15,8
QGJy1K91gP4_90_100,6
qhknaG9ifbs_122_127,4
QHkvBU8diwU_1_18,18
QhRqJp-CgEs_7_14,3
qIk_Dz5XE5E_104_109,4
qIXs7fUoLIg_1_11,11
Qjbcibrv3L0_26_32,7
QjI3Y8ZKSqs_30_38,4
QklHhN8pQBE_0_10,6
qLwgb3F0aPU_298_305,4
QMJY29QMewQ_42_52,6
qNjeEx92rTA_281_299,10
qOiN__I1-Zo_2_8,7
QOmrchUPnBs_10_20,5
Qp-k0H93iJE_35_39,5
qPXynwa_2iM_15_25,5
QqYWLR47eLI_10_18,5
qqYysi3qotc_148_195,24
qRoxNXm7INc_58_66,3
QsC8__3lwO0_50_60,6
QsvBYKaCXEc_5_15,12
QT8iCDc7NGU_18_23,3
QTAqjSbMkXU_65_75,6
Qtu-PXuvCx4_12_17,3
qvg9eM4Hmzk_1_9,9
qvg9eM4Hmzk_4_10,7
QVSt5USMkMg_43_50,4
qvSxiVV7jhw_0_15,18
Qwn0Ni9G5ow_64_69,3
qypmR4O1Gwk_0_10,19
QzcTlEpAigQ_0_14,8
qzQzooI4BqU_5_15,11
QzulzuWr0Zw_20_45,7
r0E-0ntoNWo_20_30,6
R0e8ojL0vcc_8_14,4
r0rmrbTb7fU_98_109,6
R1UrFBF_0iU_35_41,6
R24RktgUi-s_24_28,3
R24RktgUi-s_5_15,6
R2DvpPTfl-E_20_25,6
r2oI9Y-3wAo_21_28,15
r2PM0om2El8_18_25,3
R3a9r8qFlhQ_0_12,8
r4qv_BNlQNk_119_124,3
r4qv_BNlQNk_93_98,3
R8FDJgVW3Vc_0_4,3
Rf0TUCA3XNs_3_16,7
ri5AyXzxb4o_201_215,8
RieF9wrFd8s_1_8,7
RiglOfJon8I_3_18,8
RJNBxdDQOw4_13_26,7
RjpbFlOHFps_8_25,18
rKF0ZW34FRk_41_54,8
rl1rVk_xIOs_1_16,16
rlQ2kW-FvMk_66_79,8
Rm-RnxN4oHA_215_225,6
RMznbCn5sQs_0_10,11
rnawC5C8gSI_82_90,6
rNSAmHPYHjA_60_73,7
rOic25PnIx8_1_3,2
rq2p5ML8-WI_63_69,4
rQuNYxNmA6M_0_4,3
RQYLGNbal2c_5_10,3
Rq_VfjGH7kg_104_110,4
RSx5G0_xH48_12_17,6
ruNrdmjcNTc_0_5,6
ruoHOXo2PRQ_2_20,5
rV5VmhY3-Sw_65_76,6
rVFJzN20jhQ_27_32,3
RvJH_POzxmc_10_25,8
rw9h_574HxE_127_133,4
rw9h_574HxE_13_18,3
rw9h_574HxE_161_166,3
rw9h_574HxE_229_236,4
rw9h_574HxE_251_254,2
rw9h_574HxE_59_66,4
rw9h_574HxE_70_74,3
rwHT2SuNOi8_195_201,4
rwHT2SuNOi8_240_255,8
RWWvWFeE6_Q_2_26,38
RX6NSOuCCAE_13_27,15
rXZy-PHtnxg_8_42,26
ry7AUQtuwdU_4_39,18
RZL9irxnhZ0_34_40,4
S-Civm_fbK8_20_26,3
s-dSFyz_5Ww_13_23,6
s-dSFyz_5Ww_31_41,6
s-QQWRdF-5Y_19_28,6
s-XjRDsYuzU_0_12,13
s0hwEUC5emA_127_132,3
s1ZABV7AQdA_38_48,6
s20OlIRK340_125_138,7
s20OlIRK340_147_174,15
s6QwbmWbSmw_18_24,6
s7znbqra118_91_97,4
s80J2dAUUyI_33_43,6
s8utHZYTNTs_35_42,4
s9TklvyLFyI_177_191,6
SaOqf2d-y30_22_27,4
SaYwh6chmiw_15_40,13
sb1dX5xAFvk_10_17,4
sBjr8UJOpsQ_149_169,12
sBjr8UJOpsQ_181_195,10
ScdUht-pM6s_53_63,11
seTkGZlEU64_81_110,18
sFExO_PW22s_10_18,9
SFFfhAUEoj0_10_16,4
Sg5rTYrkpnU_35_48,7
shPymuahrsc_5_12,3
Sj6GSmDpNDw_0_12,7
sJC7E06IBXI_49_59,6
sJSmRik2c-c_1_7,7
SJZFNwfcSOw_3_18,4
SKhmFSV-XB0_12_18,4
sm0OYD0NSbQ_51_59,5
sMscRb9TcQE_146_161,8
Sq7Vt6KC9Yg_17_35,10
SrDE9-cDz48_4_12,9
sRKQfxxEP4M_117_125,5
SRzoLVNgHoI_56_66,6
sT5Bzt9w354_11_34,36
sTMlQSbAGfE_0_12,13
suj4VNfZz5E_33_50,9
SULWQEAErKw_13_26,16
sv5YlZspb30_10_20,6
swJ0zhVJ8DU_15_21,4
swKrHEeOj9c_4_8,3
sWqi41wyXcQ_68_79,6
sXyjCgR0rAc_0_11,6
SzEbtbNSg04_111_117,4
SzEbtbNSg04_214_224,6
SzEbtbNSg04_28_48,11
SzEbtbNSg04_70_85,9
SzEbtbNSg04_71_93,13
SzEbtbNSg04_88_93,3
sZf3VDsdDPM_107_114,4
SZP3Jpbbwj0_52_59,4
s_ldnx8_etY_32_54,5
t3VPeyYL-fI_35_39,3
t4aPGtx7e6k_0_10,11
t4vP-cXXWkY_14_20,7
T6lPRKRpu9w_32_39,4
t8Nf1MK7lts_0_10,6
tBj4Ny19vfQ_54_59,3
tcxhOGyrCtI_15_21,7
Td29-SApubM_48_57,5
TdYN7cePiRI_6_13,4
Ted3imMggC0_48_58,6
TF6LNmwDr_0_2_10,9
TFJ6oR89Vb8_90_107,18
TgFmoZj3NoM_10_18,5
tHLiYTS9Iz8_1_16,16
Tied-t1fFsk_15_20,6
tIMDKdMnNYM_266_273,4
TIubRrkku-4_1_10,7
tJHUH9tpqPg_113_118,3
TjLCJKoot4U_43_65,14
Tm1HjqK0ABg_9_15,5
tmAX2PnRCY0_284_292,5
tn-Hoz4KbkE_89_93,3
tn1d5DmdMqY_15_28,7
TnPOZVHB3x0_45_55,5
toE0QYZzJKE_1_8,8
TPD5wO_LEPU_2_6,5
TPhpsIK7pDc_25_32,4
tPkZK-PzeQE_10_28,9
tqxRDVKtkSY_30_45,16
TsagxA4DKuc_28_41,7
TvBsaMgqh5s_61_68,4
TwQzFqBqgeA_0_10,6
TXabUVUxJqI_22_31,4
TxzxPyfsSxY_0_10,7
tYh4iDFgmEE_10_14,3
tYh4iDFgmEE_50_54,3
tYQ7O6V0Fvk_20_55,18
TZ860P4iTaM_10_24,8
TZ860P4iTaM_11_20,5
TZ860P4iTaM_15_28,7
tzd3AYTZq0U_0_6,4
tZmDWltBziM_42_47,4
tZmDWltBziM_70_80,6
u4kMN1jamdM_10_20,11
u4T76jsPin0_0_11,12
u9E9HpuJQ7U_29_43,8
u9prcUCHlqM_235_241,3
u9prcUCHlqM_503_511,4
u9prcUCHlqM_73_80,3
uAaWVeaYLdQ_1_12,11
ub-aYLzCF_Q_1_10,10
uB9zRlV47qA_17_23,7
UbmZAe5u5FI_101_110,5
UbmZAe5u5FI_111_115,3
UbmZAe5u5FI_132_141,6
UbmZAe5u5FI_16_23,4
UbmZAe5u5FI_26_33,4
UbmZAe5u5FI_36_40,3
UbmZAe5u5FI_44_55,7
UbmZAe5u5FI_60_70,6
UbmZAe5u5FI_88_98,6
Uc63MFVwfrs_355_372,9
Uc63MFVwfrs_360_372,7
Ud3Qy8m6OxQ_52_62,6
UdcObAQ5OOM_15_30,9
UDwvax7K57c_28_35,5
ufFT2BWh3BQ_0_8,5
Ugb_uH72d0I_8_17,6
uGDuIyfJXXg_23_33,3
UgUFP5baQ9Y_0_10,21
UgUFP5baQ9Y_0_7,15
uH8ObB_dyOk_159_166,4
UhI-p6AysWY_25_30,5
UI3Cbj9fbxQ_2_23,22
uiLr9bdOL0M_23_30,8
UJKythlXAIY_17_21,2
uJPupV4oLZ0_4_12,9
ul9Xvjt83eI_111_120,5
ulPvRmNfXK4_96_100,3
umjc1CkO4JA_290_305,8
unhiT2D6WvE_0_20,21
UnWgz-mVMXU_2_6,6
uO7Eysrs8_k_106_114,5
uO7Eysrs8_k_80_90,7
UoPU8F9mus8_258_262,3
uppFvcVwqqY_5_15,3
UqBafx3iRKw_22_29,4
uqVCk2oDpSE_194_200,4
urNX3e1Wbc8_30_38,5
urXDqw3S34I_12_17,3
uVPnDJKt1M0_0_6,4
uxEhH6MPH28_69_85,9
UxhKb-zZoWE_0_15,9
UXs3eq68ZjE_194_200,3
UXs3eq68ZjE_209_214,3
UXs3eq68ZjE_235_240,3
UXs3eq68ZjE_246_250,2
UXs3eq68ZjE_250_255,3
UXs3eq68ZjE_255_260,3
UXs3eq68ZjE_280_285,3
UXs3eq68ZjE_313_318,3
UXs3eq68ZjE_320_325,3
UXs3eq68ZjE_382_387,3
UXs3eq68ZjE_498_504,3
UXs3eq68ZjE_49_54,3
UXs3eq68ZjE_508_513,3
uy0HNWto0UY_18_25,4
uZEGu-TA2cU_42_58,9
u_6tre9_99Q_13_25,7
V--abChiVVc_30_40,8
v-9Gx0gJmfo_26_32,4
v-9Gx0gJmfo_91_99,5
V4q5dQmpxIE_20_30,6
v4_AzQSnmY4_40_55,12
v5CeGLEnVFE_0_8,8
V6Fxclwdfxc_1_11,6
V6Fxclwdfxc_56_66,6
v7iIZXtpIb8_5_15,5
v7NpKUVqjpI_23_40,18
VahnQw2gTQY_203_210,4
VahnQw2gTQY_274_280,4
VahnQw2gTQY_288_293,3
VahnQw2gTQY_298_305,4
VahnQw2gTQY_315_320,3
VahnQw2gTQY_322_327,3
vDhEpqfhVI0_0_8,9
vE1gvaM3iAs_39_46,4
veE0E79dEEc_18_45,15
VF1K_6ZSOAY_23_28,4
VF1K_6ZSOAY_60_70,18
vfktGc_qx-w_2_18,82
VfqlfprZsaQ_75_85,6
Vg1jyL3cr60_163_186,12
ViM0JjUoqRw_10_20,5
ViWQUOGIaSU_9_16,4
VLBsAPZ2DDE_34_41,4
VLBsAPZ2DDE_58_64,4
vloe_60s_dk_0_9,10
vMoOpQQy6sI_22_55,17
Vn0Xv0fb1z4_18_30,13
vpR0L3sIvoo_15_49,35
vRC9sBNt9vs_10_16,8
VU4qLrk5axA_40_58,12
vub04F8CWng_32_41,5
VuCFgiWfVF4_0_6,7
vulNlhUI6m0_7_27,11
vuvpbeQak9Q_23_29,4
VxM96IYzw0Q_2_15,7
VyBXcQ1v_cw_7_15,9
VZ6H73nH7xs_27_33,4
vz71JKcpeUU_0_10,6
vZa13vJugGU_0_30,10
v_tGw5gwlEw_136_152,9
W1052h2rzoA_91_98,4
W20Btaww6zc_134_139,3
w28TljSqtW8_64_75,6
W6_XuNhgtrM_2_5,5
W8l_ezoU8Lc_156_162,4
W8l_ezoU8Lc_55_70,8
W8l_ezoU8Lc_76_86,6
W8_63NiTENw_23_30,5
w9mqbwOIkVg_6_12,4
WAa4-cctmDk_55_70,9
WEJfT-oB4v4_20_35,8
WeOU0Iba1Xg_1_30,35
WFNXwor69-U_33_40,4
wFPmKChNrhU_3_11,5
wFX6bXLbHW4_83_90,4
WG0J2B19ZT8_1_33,33
wgrrQwLdME8_0_10,6
wgrrQwLdME8_66_74,5
WinaH9SkW9c_11_38,7
wjH72cZ0GLM_1_10,4
wkgGxsuNVSg_34_41,4
wLUH7qA_6sA_90_115,16
wn9rDTZj-m4_8_18,6
wNv74rvkAw8_30_40,11
Wnz3IevSNg0_1_8,4
wON-YuA1GjA_3_63,31
WpB4-eLyiBc_10_20,5
WPG-BIWOrG4_130_134,2
WPG-BIWOrG4_608_613,3
WPG-BIWOrG4_635_640,3
WPG-BIWOrG4_672_677,3
WPG-BIWOrG4_683_689,3
WPG-BIWOrG4_755_761,3
wpUT0DNB3qs_9_19,3
WqQonRVs7WA_0_10,6
WqwcWk1In_g_46_54,5
WrsS6X-FB-I_30_47,9
wsj_dzz33Ko_31_41,6
wSwwS_0MKEc_68_78,6
WTf5EgVY5uU_100_104,3
WTf5EgVY5uU_104_108,3
WTf5EgVY5uU_108_116,5
WTf5EgVY5uU_121_135,8
WTf5EgVY5uU_124_128,3
WTf5EgVY5uU_130_135,3
WTf5EgVY5uU_15_19,3
WTf5EgVY5uU_16_24,5
WTf5EgVY5uU_18_23,4
WTf5EgVY5uU_218_236,10
WTf5EgVY5uU_32_52,11
WTf5EgVY5uU_33_39,4
WTf5EgVY5uU_54_58,3
WTf5EgVY5uU_58_76,10
WTf5EgVY5uU_66_75,5
WTf5EgVY5uU_76_83,4
WTf5EgVY5uU_94_98,3
WTf5EgVY5uU_98_104,4
WTx-K045yQM_85_98,14
Wv3u2q3oGeU_35_45,3
WV9K6MbLjHA_106_116,6
WWf0Z6ak3Dg_5_15,8
wX-Bl25Htag_104_115,6
WyIqGyj21Dk_0_10,6
wzfkC2TjdeQ_0_31,32
WZTGqvbqOFE_28_34,3
W_iR4YVCxUY_8_15,4
X0UJaprpxrk_18_26,5
x1i0UOssll8_141_151,7
X4yzrIc072w_4_20,8
X56XkGFe7OY_47_61,8
x68Djm_Q0GA_0_10,6
X6uJyuD_Zso_3_17,8
X7sQq-Iu1gQ_12_22,6
x8Ul09tk6zk_0_8,5
X98fLZHIzWQ_15_20,6
xaPepCVepCg_35_46,6
xb-Nacm-pKc_78_82,3
xBePrplM4OA_6_18,12
xBW_uR3kGr4_42_55,8
xCFCXzDUGjY_5_9,6
XdB0pVjFYoU_1_8,4
xdhLQCYQ-nQ_50_63,7
xEDCfcMZlZY_37_41,3
xEDCfcMZlZY_91_100,5
XEOH3t5AYY0_22_29,8
xfRIRSWy0y0_10_20,11
xGdoi3W3Z4o_2_40,39
xgIIcPSh4EU_0_6,4
Xh6rdpJNaf0_0_15,7
xkNDE1JL6Z8_50_59,5
xlPyHMkpaQY_1_7,12
XNV7hKVu-Xg_40_47,4
XNzXXiE6qR4_0_10,10
XOAgUVVwKEA_8_20,7
xOQn1z_oWDY_30_39,5
Xp6rxW4hFFo_32_40,4
xpOYXbMDDBY_1_20,9
xPR0xFgCAZY_17_27,6
xSmfK498DjI_1_20,20
xtbsD3PUua4_174_185,6
xtbsD3PUua4_84_94,6
xTd_IdIcB4s_2_10,9
XtQdAPV2UZs_4_11,7
Xvy21KrDv8I_0_10,6
Xwrl4htUPjo_22_38,18
Xxcv5jvRmcg_39_46,4
xxHx6s_DbUo_121_128,4
xxHx6s_DbUo_158_161,2
xxHx6s_DbUo_162_165,2
xxHx6s_DbUo_173_177,3
xxHx6s_DbUo_182_186,3
xxHx6s_DbUo_202_207,4
xxHx6s_DbUo_216_222,4
xxHx6s_DbUo_240_248,5
xxHx6s_DbUo_32_36,3
xxHx6s_DbUo_36_40,3
xxHx6s_DbUo_41_44,3
xxHx6s_DbUo_49_56,5
xxHx6s_DbUo_57_61,4
xxHx6s_DbUo_82_86,3
xxHx6s_DbUo_98_101,3
xXlWsBhFvis_6_10,5
xy9LLUUZ6ic_50_60,6
XZ0Ch_ClBfo_120_127,5
XzCcRzEa83U_1_8,8
XzCcRzEa83U_39_46,6
x_7BrCQdVUs_172_177,3
x_8RiVI6rH8_41_54,7
X_NLV2KCnIE_60_70,6
Y4BeJ-64294_20_30,6
Y4gaJn0wlDE_0_10,3
y8SDRc4IOjs_94_99,3
Ya-MkA187c8_36_45,11
yAD_TS5L2d4_4_11,2
YAud4eS3DoA_54_65,6
yBK02O1Oewc_20_35,12
ybVb3t560oY_0_9,10
yC4eEuURH8c_19_28,5
yd8jh9QYfEs_4_10,4
YEmS8ZQIhTA_7_20,14
YersIyzsOpc_15_30,8
yfMTsYcLt10_0_7,7
yFPHhRat6bc_160_210,26
yg4aNiO1JnI_111_114,2
Yh2N6ZtRBdU_110_120,6
yId1rg5-ac0_40_50,6
YJ2aGe7CLBo_25_35,6
Ylb4pnW-jP4_102_113,8
ymC2bNi6-Is_9_19,7
YmXCfQm0_CA_109_120,12
YmXCfQm0_CA_140_156,17
YmXCfQm0_CA_277_284,8
YmXCfQm0_CA_50_57,8
YmXCfQm0_CA_68_75,8
YmXCfQm0_CA_7_16,11
YndZ9YulpTo_61_76,8
yNy9jTeolUk_8_12,3
yOnRm3TP6hM_0_12,13
yPNFVj-pISU_105_115,6
yREFkmrrYiw_51_57,4
YRSOc193Pxc_68_73,3
YS1mzzhmWWA_9_16,4
ysTmUTQ5wZE_17_45,28
yU5sxW9bErQ_0_17,19
YUlG_PKzpvc_0_8,5
yvfhk1kwKls_103_113,5
ywHBKayhyvQ_19_28,10
ywMLb2VfHbI_13_20,8
YwmUgVrUJ4I_0_15,17
YXixZrSxefk_17_48,34
YXixZrSxefk_49_59,11
YXixZrSxefk_6_15,10
yYA7YXIKbg4_9_14,6
yyxtyCaEVqk_250_264,7
yyxtyCaEVqk_321_328,4
yyxtyCaEVqk_329_360,16
YZ0-6hdQ0mU_0_3,4
Z-An1QQ66f0_13_25,18
z0Si1XxMibg_0_30,31
z0zb--BOhDY_16_22,2
Z10_CDPQKKs_1_6,3
Z19zFlPah-o_6_11,3
z1PEyzk4ADU_8_18,6
z2kUc8wp9l8_40_46,4
Z3m9V8qPXhQ_13_24,6
Z3rj9LbCOaM_0_12,14
Z3XarHZ3HpY_10_17,4
z8dcUzdi2bw_3_16,3
Z8rTzW9Gb6Y_116_123,4
z9qbQX4J_2g_0_14,8
za-9mBZyNfQ_330_336,4
zbAk0gX7kas_16_24,5
zBrC1GmA0Qg_26_33,2
ZbtpcGi2DWY_161_170,6
ZbtpcGi2DWY_56_62,4
ZbzDGXEwtGc_6_15,5
zCf8NWJ8kzA_47_52,3
ZdlG8fjGJlo_78_87,5
ZdNP0dXCx2I_78_90,7
ZDoy9S82ETA_5_15,6
zFIn8DeV5PM_20_33,7
zfQOH4UGU_I_1_10,6
Zg0p5TXi_Cc_30_46,9
zH4v_DClIoc_3_28,13
zhLcONtNkew_16_21,3
zHy7pM0U49w_103_109,3
zHy7pM0U49w_110_116,3
ZK4W-2ifl6I_1_28,28
zkTn5Ef1Oig_70_75,3
zkTn5Ef1Oig_71_75,3
ZL7P_XmSnEY_205_209,3
zlS1_zBYluY_15_21,7
ZlX_Gy4HP2E_38_55,9
zMg9dChF97A_12_38,14
ZN2_czSBSD0_240_250,5
ZnLgsasu82g_71_81,6
Zoz0HcCB1vU_0_10,6
zpgW7m7_LZw_2_15,6
Zqmx-nXhLAg_0_10,6
zr9OeyfLPPY_4_9,3
zS50h-a8RTg_3_9,12
zSPBC8EO6dY_122_126,2
zSPBC8EO6dY_132_140,4
zSPBC8EO6dY_64_73,5
zSPBC8EO6dY_97_110,7
ZsrPKtx0qyg_7_15,19
zTn-nNj5Bng_61_77,10
zTn-nNj5Bng_8_19,6
zulPFoY64wE_26_33,5
zuYZ5kPatJE_78_116,21
zv2RIbUsnSw_159_162,2
zv2RIbUsnSw_335_341,4
ZvJvNcukZ4w_0_10,10
zWVQImPY2Cc_27_44,9
zxB4dFJhHR8_1_9,5
ZxqkAGNyo8A_12_22,6
ZYaxg5NZW_g_21_27,4
zYcY4mjLpxU_104_118,7
zYcY4mjLpxU_45_55,5
zzit5b_-ukg_5_20,8
z_qf7tOnHVg_81_89,5
_0nX-El-ySo_83_93,5
_1vy2HIN60A_32_40,4
_6OTzzK7t9Y_158_170,6
_6OTzzK7t9Y_73_78,3
_7nP9z6T9m8_11_17,7
_9iG5Ge01PM_3_11,9
_JorUS-8Nlg_63_73,5
_JVxurtGIhI_32_42,6
_KMoC6ZdeXs_10_16,4
_o1UXSxTjfo_68_80,7
_O9kWD8nuRU_16_23,8
_O9kWD8nuRU_25_35,12
_O9kWD8nuRU_37_43,7
_O9kWD8nuRU_45_49,5
_O9kWD8nuRU_50_56,7
_O9kWD8nuRU_70_76,8
_O9kWD8nuRU_77_81,6
_OBlgSz8sSM_15_32,18
_pBeOAMjGm8_1_18,5
_pj2Nutu5v8_1_8,8
_QJbjKkfdcs_52_57,3
_sJ_09Mf1HY_49_72,12
_SNE2MYAotU_41_49,7
_txL575S_OA_13_23,6
_UqnTFs1BLc_23_27,3
_WRC7HXBJpU_360_370,5
_WRC7HXBJpU_386_391,3
_WRC7HXBJpU_395_401,3
_WRC7HXBJpU_414_425,6
_WRC7HXBJpU_451_464,7
_xf24TYgbuY_14_20,4
_yUiusXxfWI_150_165,8
_ZwwKOzpt2I_69_76,4
